4724313a-ff6a-4498-a343-e21e0e3ce4cd,	679b3cfeecb81153f83423ae
e198395b-a028-47d7-886b-689868272dcb,	677b77f7cc47ef650955a7ae
83be371e-cd1c-40c4-a31d-4c39f5fa8c73,	677e3af1cc47ef650955a877
b4f7a445-9447-454b-b173-affa5b68846f,	678a44af191c2e804ea830b7
c5c91421-4496-4c81-a729-253f15d0f96a,	6797b824ecb81153f8342372
b3647d59-b33d-4fe1-b3e9-a47bdcb2ab73,	677e3b60cc47ef650955a881
f336be67-b5b1-4535-8282-30695b215170,	676e7877314f2daca3efbee5
f99f2364-69aa-4ad1-bc30-d052803e6250,	678898d61cd6a8849ca9e69c
7812076c-494a-4475-ae61-0928a36499bb,	68468a3f7fe063e3230ca938
46a3bf36-09bf-4e5c-887a-ec53fb4b2b1f,	677e38e9cc47ef650955a865
a292b291-f911-4ac3-aa9e-4f413c947b0b,	6788e6b11cd6a8849ca9e708