6848071f7fe063e3230cab6b,d463550b-6e4d-4a06-8f3b-2e3feffd586c
684862347fe063e3230cab9a,40d956fb-6533-48c1-8a4c-26d6506eb4d1
684909387fe063e3230cabbb,7b51835e-9c44-4ec6-b4d2-241a922d1467
684909617fe063e3230cabbd,8084d987-9c11-496e-8b77-d4effc9d3f52
6849098b7fe063e3230cabbf,d88207ab-2b6b-4e07-ad07-d2f622657ba4
684909ac7fe063e3230cabc1,1955dfe6-7334-46c3-ab4e-10ef139419b0
68490b457fe063e3230cabc3,45d8b021-3ec8-4086-9767-a392bb275e15
68490bc87fe063e3230cabc5,4fb55700-07c3-4987-bd41-d2af827cfe87
68490c0c7fe063e3230cabc7,02f87590-0943-4b48-b668-0ae205d9099d
68490c307fe063e3230cabc9,aff6af6e-7b81-44b4-bb7e-015fb32179c5
68490c827fe063e3230cabcb,9dd1a2b1-31d7-46c1-9af8-3e6dbb11ad0b
68490ce57fe063e3230cabcd,87618d9a-1660-424c-aac8-5fc6b908f544
68490d1c7fe063e3230cabcf,ad21e49d-17d0-4c91-8d78-ec0ab8dca07b
68490dac7fe063e3230cabd1,077776fb-3859-44b0-81e4-a8b4fd373134
68490f1f7fe063e3230cabd8,cdea7557-b822-4537-83cb-08d82fa5a1d7
684910107fe063e3230cabda,b5e49b52-0666-4f19-bbb7-e3fb0d772873
6849103b7fe063e3230cabdc,628ee9a3-2bda-4af0-b5c2-18e0aa4efe73
684910677fe063e3230cabde,1186ba44-7b20-4f70-b85c-13c052e9b2e8
684910807fe063e3230cabe0,80e09b93-a6d5-4ff1-bb14-ed2db11ac8c1
6849109f7fe063e3230cabe2,7e82138b-d5d4-4729-a0ce-8c15a28d74af
684910c17fe063e3230cabe4,57834d05-d2ce-47e2-b2e1-045d4c903faf
684910e17fe063e3230cabe6,f755571a-575d-4f18-a7e8-09f1b65d6226
6849114d7fe063e3230cabe9,dd7bf689-b2cc-4dca-9d0c-2694e14d1567
684911737fe063e3230cabeb,0cc17b5d-fefa-4aed-80c8-d5a1d6299ff7
6849118e7fe063e3230cabed,f128066a-820f-4f30-9c04-7d62bccd00f5
684911dc7fe063e3230cabf0,60b438c6-d95a-4800-b27a-f93857e1f01b
684911f67fe063e3230cabf2,9aadcfe4-4e46-45df-96f8-f51f704043f4
6849123c7fe063e3230cabf5,7388dd18-d260-4ed2-a6ef-fa5f7e58e8bf
684912557fe063e3230cabf7,97aa7ba0-f9b2-44c2-b5aa-78666c5825e0
6849126f7fe063e3230cabf9,3f0b923f-3437-4ef7-a661-535c00fb7f8e
684912907fe063e3230cabfb,babd0e91-8eaf-40ff-b08b-3821ae9ad2a6
684912a87fe063e3230cabfd,942ff80e-f01d-4bb6-8a01-603919c18630
6849407ae96d68d91380e4e6,961dcd08-1116-491e-a473-e2ba67bed474
684940e5e96d68d91380e4ea,e4245684-c986-40bf-a10d-8d784325762f
684942aee96d68d91380e4ec,a66b3dc7-e79e-475c-96de-7f0bab93bfaa
684942d2e96d68d91380e4ee,a3ce2810-8785-43b5-b736-35469971baad