<metadata xml:lang="en"><Esri><CreaDate>20251001</CreaDate><CreaTime>11233100</CreaTime><ArcGISFormat>1.0</ArcGISFormat><SyncOnce>FALSE</SyncOnce><DataProperties><lineage><Process ToolSource="c:\program files\arcgis\pro\Resources\ArcToolbox\toolboxes\Conversion Tools.tbx\JSONToFeatures" Date="20251001" Time="112331">JSONToFeatures C:\Users\joshua.weilert\Downloads\2025.json "C:\Users\joshua.weilert\OneDrive - EagleView\Documents\ArcGIS\Projects\Coverage vs Products Sold\Coverage vs Products Sold.gdb\c2025_JSONToFeatures" Polygon</Process><Process ToolSource="c:\program files\arcgis\pro\Resources\ArcToolbox\toolboxes\Data Management Tools.tbx\Merge" Date="20251001" Time="112436">Merge c2025_JSONToFeatures;c2024_JSONToFeatures;c2023_JSONToFeatures "C:\Users\joshua.weilert\OneDrive - EagleView\Documents\ArcGIS\Projects\Coverage vs Products Sold\Coverage vs Products Sold.gdb\c2025_JSONToFeatures_Merge" "aircrafts "aircrafts" true true false 2000000000 Text 0 0,First,#,c2025_JSONToFeatures,aircrafts,0,1999999999,c2024_JSONToFeatures,aircrafts,0,1999999999,c2023_JSONToFeatures,aircrafts,0,1999999999;capture_name "capture_name" true true false 2000000000 Text 0 0,First,#,c2025_JSONToFeatures,capture_name,0,1999999999,c2024_JSONToFeatures,capture_name,0,1999999999,c2023_JSONToFeatures,capture_name,0,1999999999;capture_type "capture_type" true true false 2000000000 Text 0 0,First,#,c2025_JSONToFeatures,capture_type,0,1999999999,c2024_JSONToFeatures,capture_type,0,1999999999,c2023_JSONToFeatures,capture_type,0,1999999999;corridor_ind "corridor_ind" true true false 8 Double 0 0,First,#,c2025_JSONToFeatures,corridor_ind,-1,-1,c2024_JSONToFeatures,corridor_ind,-1,-1,c2023_JSONToFeatures,corridor_ind,-1,-1;count "count" true true false 8 Double 0 0,First,#,c2025_JSONToFeatures,count,-1,-1,c2024_JSONToFeatures,count,-1,-1,c2023_JSONToFeatures,count,-1,-1;cpids "cpids" true true false 2000000000 Text 0 0,First,#,c2025_JSONToFeatures,cpids,0,1999999999,c2024_JSONToFeatures,cpids,0,1999999999,c2023_JSONToFeatures,cpids,0,1999999999;date "date" true true false 2000000000 Text 0 0,First,#,c2025_JSONToFeatures,date,0,1999999999,c2024_JSONToFeatures,date,0,1999999999,c2023_JSONToFeatures,date,0,1999999999;gsd "gsd" true true false 8 Double 0 0,First,#,c2025_JSONToFeatures,gsd,-1,-1,c2024_JSONToFeatures,gsd,-1,-1,c2023_JSONToFeatures,gsd,-1,-1;husk_ind "husk_ind" true true false 8 Double 0 0,First,#,c2025_JSONToFeatures,husk_ind,-1,-1,c2024_JSONToFeatures,husk_ind,-1,-1,c2023_JSONToFeatures,husk_ind,-1,-1;level "level" true true false 2000000000 Text 0 0,First,#,c2025_JSONToFeatures,level,0,1999999999,c2024_JSONToFeatures,level,0,1999999999,c2023_JSONToFeatures,level,0,1999999999;miles "miles" true true false 8 Double 0 0,First,#,c2025_JSONToFeatures,miles,-1,-1,c2024_JSONToFeatures,miles,-1,-1,c2023_JSONToFeatures,miles,-1,-1;name "name" true true false 2000000000 Text 0 0,First,#,c2025_JSONToFeatures,name,0,1999999999,c2024_JSONToFeatures,name,0,1999999999,c2023_JSONToFeatures,name,0,1999999999;perm "perm" true true false 2000000000 Text 0 0,First,#,c2025_JSONToFeatures,perm,0,1999999999,c2024_JSONToFeatures,perm,0,1999999999,c2023_JSONToFeatures,perm,0,1999999999;program "program" true true false 2000000000 Text 0 0,First,#,c2025_JSONToFeatures,program,0,1999999999,c2024_JSONToFeatures,program,0,1999999999,c2023_JSONToFeatures,program,0,1999999999;project_id "project_id" true true false 2000000000 Text 0 0,First,#,c2025_JSONToFeatures,project_id,0,1999999999,c2024_JSONToFeatures,project_id,0,1999999999,c2023_JSONToFeatures,project_id,0,1999999999;rigs "rigs" true true false 2000000000 Text 0 0,First,#,c2025_JSONToFeatures,rigs,0,1999999999,c2024_JSONToFeatures,rigs,0,1999999999,c2023_JSONToFeatures,rigs,0,1999999999;whs_ind "whs_ind" true true false 8 Double 0 0,First,#,c2025_JSONToFeatures,whs_ind,-1,-1,c2024_JSONToFeatures,whs_ind,-1,-1,c2023_JSONToFeatures,whs_ind,-1,-1;year "year" true true false 8 Double 0 0,First,#,c2025_JSONToFeatures,year,-1,-1,c2024_JSONToFeatures,year,-1,-1,c2023_JSONToFeatures,year,-1,-1;Shape_Length "Shape_Length" false true true 8 Double 0 0,First,#,c2025_JSONToFeatures,Shape_Length,-1,-1,c2024_JSONToFeatures,Shape_Length,-1,-1,c2023_JSONToFeatures,Shape_Length,-1,-1;Shape_Area "Shape_Area" false true true 8 Double 0 0,First,#,c2025_JSONToFeatures,Shape_Area,-1,-1,c2024_JSONToFeatures,Shape_Area,-1,-1,c2023_JSONToFeatures,Shape_Area,-1,-1" NO_SOURCE_INFO</Process><Process ToolSource="c:\program files\arcgis\pro\Resources\ArcToolbox\toolboxes\Analysis Tools.tbx\Clip" Date="20251023" Time="132243">Clip "Flight Coverage 2023-2025" USAStatesGeneralized_ExportFeatures "C:\Users\joshua.weilert\OneDrive - EagleView\Documents\ArcGIS\Projects\Coverage vs Products Sold\Coverage vs Products Sold.gdb\FlightCoverage20232025_Clip" #</Process><Process ToolSource="c:\program files\arcgis\pro\Resources\ArcToolbox\toolboxes\Data Management Tools.tbx\CopyFeatures" Date="20251023" Time="132418">CopyFeatures "WA Flight Coverage 2023-2025" "C:\Users\joshua.weilert\OneDrive - EagleView\Desktop\WA Flight Coverage\WA Flight Coverage 2023-2025.shp" # # # #</Process></lineage><itemProps><itemName Sync="TRUE">WA Flight Coverage 2023-2025</itemName><imsContentType Sync="TRUE">002</imsContentType><itemLocation><linkage Sync="TRUE">file://\\JWEILERT-ROCL23\C$\Users\joshua.weilert\OneDrive - EagleView\Desktop\WA Flight Coverage\WA Flight Coverage 2023-2025.shp</linkage><protocol Sync="TRUE">Local Area Network</protocol></itemLocation><itemSize Sync="TRUE">0.000</itemSize></itemProps><coordRef><type Sync="TRUE">Geographic</type><geogcsn Sync="TRUE">GCS_WGS_1984</geogcsn><csUnits Sync="TRUE">Angular Unit: Degree (0.017453)</csUnits><peXml Sync="TRUE">&lt;GeographicCoordinateSystem xsi:type='typens:GeographicCoordinateSystem' xmlns:xsi='http://www.w3.org/2001/XMLSchema-instance' xmlns:xs='http://www.w3.org/2001/XMLSchema' xmlns:typens='http://www.esri.com/schemas/ArcGIS/3.2.0'&gt;&lt;WKT&gt;GEOGCS[&amp;quot;GCS_WGS_1984&amp;quot;,DATUM[&amp;quot;D_WGS_1984&amp;quot;,SPHEROID[&amp;quot;WGS_1984&amp;quot;,6378137.0,298.257223563]],PRIMEM[&amp;quot;Greenwich&amp;quot;,0.0],UNIT[&amp;quot;Degree&amp;quot;,0.0174532925199433],AUTHORITY[&amp;quot;EPSG&amp;quot;,4326]]&lt;/WKT&gt;&lt;XOrigin&gt;-400&lt;/XOrigin&gt;&lt;YOrigin&gt;-400&lt;/YOrigin&gt;&lt;XYScale&gt;11258999068426.238&lt;/XYScale&gt;&lt;ZOrigin&gt;-100000&lt;/ZOrigin&gt;&lt;ZScale&gt;10000&lt;/ZScale&gt;&lt;MOrigin&gt;-100000&lt;/MOrigin&gt;&lt;MScale&gt;10000&lt;/MScale&gt;&lt;XYTolerance&gt;8.983152841195215e-09&lt;/XYTolerance&gt;&lt;ZTolerance&gt;0.001&lt;/ZTolerance&gt;&lt;MTolerance&gt;0.001&lt;/MTolerance&gt;&lt;HighPrecision&gt;true&lt;/HighPrecision&gt;&lt;LeftLongitude&gt;-180&lt;/LeftLongitude&gt;&lt;WKID&gt;4326&lt;/WKID&gt;&lt;LatestWKID&gt;4326&lt;/LatestWKID&gt;&lt;/GeographicCoordinateSystem&gt;</peXml></coordRef></DataProperties><SyncDate>20251023</SyncDate><SyncTime>13241800</SyncTime><ModDate>20251023</ModDate><ModTime>13241800</ModTime></Esri><dataIdInfo><envirDesc Sync="TRUE">Microsoft Windows 10 Version 10.0 (Build 26100) ; Esri ArcGIS 13.2.0.49743</envirDesc><dataLang><languageCode value="eng" Sync="TRUE"></languageCode><countryCode value="USA" Sync="TRUE"></countryCode></dataLang><idCitation><resTitle Sync="TRUE">WA Flight Coverage 2023-2025</resTitle><presForm><PresFormCd value="005" Sync="TRUE"></PresFormCd></presForm></idCitation><spatRpType><SpatRepTypCd value="001" Sync="TRUE"></SpatRepTypCd></spatRpType></dataIdInfo><mdLang><languageCode value="eng" Sync="TRUE"></languageCode><countryCode value="USA" Sync="TRUE"></countryCode></mdLang><distInfo><distFormat><formatName Sync="TRUE">Shapefile</formatName></distFormat><distTranOps><transSize Sync="TRUE">0.000</transSize></distTranOps></distInfo><mdHrLv><ScopeCd value="005" Sync="TRUE"></ScopeCd></mdHrLv><mdHrLvName Sync="TRUE">dataset</mdHrLvName><refSysInfo><RefSystem><refSysID><identCode code="4326" Sync="TRUE"></identCode><idCodeSpace Sync="TRUE">EPSG</idCodeSpace><idVersion Sync="TRUE">6.2(3.0.1)</idVersion></refSysID></RefSystem></refSysInfo><spatRepInfo><VectSpatRep><geometObjs Name="WA Flight Coverage 2023-2025"><geoObjTyp><GeoObjTypCd value="002" Sync="TRUE"></GeoObjTypCd></geoObjTyp><geoObjCnt Sync="TRUE">0</geoObjCnt></geometObjs><topLvl><TopoLevCd value="001" Sync="TRUE"></TopoLevCd></topLvl></VectSpatRep></spatRepInfo><spdoinfo><ptvctinf><esriterm Name="WA Flight Coverage 2023-2025"><efeatyp Sync="TRUE">Simple</efeatyp><efeageom code="4" Sync="TRUE"></efeageom><esritopo Sync="TRUE">FALSE</esritopo><efeacnt Sync="TRUE">0</efeacnt><spindex Sync="TRUE">FALSE</spindex><linrefer Sync="TRUE">TRUE</linrefer></esriterm></ptvctinf></spdoinfo><eainfo><detailed Name="WA Flight Coverage 2023-2025"><enttyp><enttypl Sync="TRUE">WA Flight Coverage 2023-2025</enttypl><enttypt Sync="TRUE">Feature Class</enttypt><enttypc Sync="TRUE">0</enttypc></enttyp><attr><attrlabl Sync="TRUE">FID</attrlabl><attalias Sync="TRUE">FID</attalias><attrtype Sync="TRUE">OID</attrtype><attwidth Sync="TRUE">4</attwidth><atprecis Sync="TRUE">0</atprecis><attscale Sync="TRUE">0</attscale><attrdef Sync="TRUE">Internal feature number.</attrdef><attrdefs Sync="TRUE">Esri</attrdefs><attrdomv><udom Sync="TRUE">Sequential unique whole numbers that are automatically generated.</udom></attrdomv></attr><attr><attrlabl Sync="TRUE">Shape</attrlabl><attalias Sync="TRUE">Shape</attalias><attrtype Sync="TRUE">Geometry</attrtype><attwidth Sync="TRUE">0</attwidth><atprecis Sync="TRUE">0</atprecis><attscale Sync="TRUE">0</attscale><attrdef Sync="TRUE">Feature geometry.</attrdef><attrdefs Sync="TRUE">Esri</attrdefs><attrdomv><udom Sync="TRUE">Coordinates defining the features.</udom></attrdomv></attr><attr><attrlabl Sync="TRUE">aircrafts</attrlabl><attalias Sync="TRUE">aircrafts</attalias><attrtype Sync="TRUE">String</attrtype><attwidth Sync="TRUE">254</attwidth><atprecis Sync="TRUE">0</atprecis><attscale Sync="TRUE">0</attscale></attr><attr><attrlabl Sync="TRUE">capture_na</attrlabl><attalias Sync="TRUE">capture_na</attalias><attrtype Sync="TRUE">String</attrtype><attwidth Sync="TRUE">254</attwidth><atprecis Sync="TRUE">0</atprecis><attscale Sync="TRUE">0</attscale></attr><attr><attrlabl Sync="TRUE">capture_ty</attrlabl><attalias Sync="TRUE">capture_ty</attalias><attrtype Sync="TRUE">String</attrtype><attwidth Sync="TRUE">254</attwidth><atprecis Sync="TRUE">0</atprecis><attscale Sync="TRUE">0</attscale></attr><attr><attrlabl Sync="TRUE">corridor_i</attrlabl><attalias Sync="TRUE">corridor_i</attalias><attrtype Sync="TRUE">Double</attrtype><attwidth Sync="TRUE">19</attwidth><atprecis Sync="TRUE">0</atprecis><attscale Sync="TRUE">0</attscale></attr><attr><attrlabl Sync="TRUE">count</attrlabl><attalias Sync="TRUE">count</attalias><attrtype Sync="TRUE">Double</attrtype><attwidth Sync="TRUE">19</attwidth><atprecis Sync="TRUE">0</atprecis><attscale Sync="TRUE">0</attscale></attr><attr><attrlabl Sync="TRUE">cpids</attrlabl><attalias Sync="TRUE">cpids</attalias><attrtype Sync="TRUE">String</attrtype><attwidth Sync="TRUE">254</attwidth><atprecis Sync="TRUE">0</atprecis><attscale Sync="TRUE">0</attscale></attr><attr><attrlabl Sync="TRUE">date</attrlabl><attalias Sync="TRUE">date</attalias><attrtype Sync="TRUE">String</attrtype><attwidth Sync="TRUE">254</attwidth><atprecis Sync="TRUE">0</atprecis><attscale Sync="TRUE">0</attscale></attr><attr><attrlabl Sync="TRUE">gsd</attrlabl><attalias Sync="TRUE">gsd</attalias><attrtype Sync="TRUE">Double</attrtype><attwidth Sync="TRUE">19</attwidth><atprecis Sync="TRUE">0</atprecis><attscale Sync="TRUE">0</attscale></attr><attr><attrlabl Sync="TRUE">husk_ind</attrlabl><attalias Sync="TRUE">husk_ind</attalias><attrtype Sync="TRUE">Double</attrtype><attwidth Sync="TRUE">19</attwidth><atprecis Sync="TRUE">0</atprecis><attscale Sync="TRUE">0</attscale></attr><attr><attrlabl Sync="TRUE">level</attrlabl><attalias Sync="TRUE">level</attalias><attrtype Sync="TRUE">String</attrtype><attwidth Sync="TRUE">254</attwidth><atprecis Sync="TRUE">0</atprecis><attscale Sync="TRUE">0</attscale></attr><attr><attrlabl Sync="TRUE">miles</attrlabl><attalias Sync="TRUE">miles</attalias><attrtype Sync="TRUE">Double</attrtype><attwidth Sync="TRUE">19</attwidth><atprecis Sync="TRUE">0</atprecis><attscale Sync="TRUE">0</attscale></attr><attr><attrlabl Sync="TRUE">name</attrlabl><attalias Sync="TRUE">name</attalias><attrtype Sync="TRUE">String</attrtype><attwidth Sync="TRUE">254</attwidth><atprecis Sync="TRUE">0</atprecis><attscale Sync="TRUE">0</attscale></attr><attr><attrlabl Sync="TRUE">perm</attrlabl><attalias Sync="TRUE">perm</attalias><attrtype Sync="TRUE">String</attrtype><attwidth Sync="TRUE">254</attwidth><atprecis Sync="TRUE">0</atprecis><attscale Sync="TRUE">0</attscale></attr><attr><attrlabl Sync="TRUE">program</attrlabl><attalias Sync="TRUE">program</attalias><attrtype Sync="TRUE">String</attrtype><attwidth Sync="TRUE">254</attwidth><atprecis Sync="TRUE">0</atprecis><attscale Sync="TRUE">0</attscale></attr><attr><attrlabl Sync="TRUE">project_id</attrlabl><attalias Sync="TRUE">project_id</attalias><attrtype Sync="TRUE">String</attrtype><attwidth Sync="TRUE">254</attwidth><atprecis Sync="TRUE">0</atprecis><attscale Sync="TRUE">0</attscale></attr><attr><attrlabl Sync="TRUE">rigs</attrlabl><attalias Sync="TRUE">rigs</attalias><attrtype Sync="TRUE">String</attrtype><attwidth Sync="TRUE">254</attwidth><atprecis Sync="TRUE">0</atprecis><attscale Sync="TRUE">0</attscale></attr><attr><attrlabl Sync="TRUE">whs_ind</attrlabl><attalias Sync="TRUE">whs_ind</attalias><attrtype Sync="TRUE">Double</attrtype><attwidth Sync="TRUE">19</attwidth><atprecis Sync="TRUE">0</atprecis><attscale Sync="TRUE">0</attscale></attr><attr><attrlabl Sync="TRUE">year</attrlabl><attalias Sync="TRUE">year</attalias><attrtype Sync="TRUE">Double</attrtype><attwidth Sync="TRUE">19</attwidth><atprecis Sync="TRUE">0</atprecis><attscale Sync="TRUE">0</attscale></attr><attr><attrlabl Sync="TRUE">Shape_Leng</attrlabl><attalias Sync="TRUE">Shape_Leng</attalias><attrtype Sync="TRUE">Double</attrtype><attwidth Sync="TRUE">19</attwidth><atprecis Sync="TRUE">0</atprecis><attscale Sync="TRUE">0</attscale></attr><attr><attrlabl Sync="TRUE">Shape_Area</attrlabl><attalias Sync="TRUE">Shape_Area</attalias><attrtype Sync="TRUE">Double</attrtype><attwidth Sync="TRUE">19</attwidth><atprecis Sync="TRUE">0</atprecis><attscale Sync="TRUE">0</attscale><attrdef Sync="TRUE">Area of feature in internal units squared.</attrdef><attrdefs Sync="TRUE">Esri</attrdefs><attrdomv><udom Sync="TRUE">Positive real numbers that are automatically generated.</udom></attrdomv></attr></detailed></eainfo><mdDateSt Sync="TRUE">20251023</mdDateSt></metadata>
