,name,area,latest_version,latest_dataset_id,project_id_str
2,Olympia,89.23301090078698,1.8,145889c3-1217-4d22-a4de-667852422c90,6710cd53a53ef4a7b1664c3c
3,Kent,88.46798991220844,1.8,60cad916-f666-4576-b584-8a989bdcbc4f,6710cd850db128e83e5c5403
4,Vancouver,168.07574504257266,1.9,3e6f57bb-8be6-48d1-bce1-93933dfa41bd,6710cddc5b460693a82b3052
6,Yakima,74.05329378622694,1.7,8b785fa4-aed0-423c-b712-8ffb278dc09c,6710ce68b614351b1fcfc313
7,Kirkland,53.09467756468736,1.5,823ac0a3-02d5-4e6a-920e-ecc6bf62351f,6710ce8cee1bdb67337dfa55
8,Lacey,49.142354186862654,1.6,54fd8187-5bd2-487b-87f6-b6cf210d9e76,6710cea693286387c1458603
9,Marysville,54.14884858148536,1.5,3252e2d0-02b9-45e8-a506-07ad5a76ee41,6710cf010b2fb6879ba3e805
13,Bainbridge Island,168.71263927561046,2.0,f3426aa6-52ce-4608-85d3-bd84cc220fbb,67113d72c54e219fb4275e94
16,West Richland,57.367623173271674,1.5,9cea3a03-4ffc-440a-8531-bd51d9ec52c8,6720940de3b99e266c974b79
17,Moses Lake,49.79,1.5,d21f582b-0e06-4eba-b838-665326420a03,672094974ffbcff3f849e57d
18,Puyallup,37.546268307507965,1.5,cadc1473-2034-490a-ae29-02052e92146d,6720950495095207cae76987
27,Snohomish UnIncorporated 4,186.95862357379653,2.1,3f599767-8b4a-4f4e-8d99-c84a1a76a7d3,674e97b38caf21f9d6c9f5e5
31,Des Moines,16.597269113186783,1.5,f3219df9-658e-49ba-9318-e8da1d9dfd5b,674567ceca44f6983f52c93d
42,Snohomish,9.396562943472475,1.5,9bb5292e-ada1-4a48-a9aa-b0b8e09599aa,67457c2071ef70d5f1e29c59
44,Mills Creek,11.97387341373358,1.5,667fd12a-a7db-448d-9224-2726ed48eb1a,674579f0574929ba9d8e979b
48,Mercer Island,16.49995737716607,1.6,f33af242-c6d7-4382-9c9b-8d1fb36b9e07,67456c2b3a527477dc712629
57,Ferndale,18.87059739557884,1.5,580eff59-9196-477d-8e08-16812af390fc,67407e57b9faac918785a35b
88,Ferry County,9.509561238771953,1.8,7dfd5767-01ee-4cec-816d-2397922e8007,6762c23bc5ea03428d2cf7d9
89,Adams County,24.166383552404053,1.7,9545f774-09d9-4890-9a4b-0af1957bd4be,6763ef5ec5ea03428d2cf7de
90,Jefferson County,21.10188766680205,2.1,184fd429-87a4-4dff-8722-5001476ae056,6763efe3c5ea03428d2cf7e7
91,Lincoln County,18.63805803612235,1.5,b20e5ca8-4047-48d3-8655-05bdf52311e9,6763f02fc5ea03428d2cf7ea
94,Asotin County,16.604458700328635,1.9,e5b2c63a-0cae-4374-9fbb-ec0e125c3cbd,67650e2bc5ea03428d2cf840
95,Columbia County,3.290186517863313,1.5,2c39c71c-c12f-4ca6-9aee-3e148531ff43,67650e4dc5ea03428d2cf841
96,Garfield County,3.4021752240024736,1.8,515c3e8d-f4a7-408b-9d32-9dad17db2e02,67650e6dc5ea03428d2cf842
97,Klickitat County,17.32563755472745,1.7,95ec75a2-899f-45c6-a72d-c4d548b58a50,67650e8fc5ea03428d2cf843
98,Pend Orielle County,8.087061069619288,1.9,4653ffbf-ceff-4e12-b1de-1ab736aa1402,67650eb0c5ea03428d2cf844
99,San Juan County,13.549380446670384,1.8,fab745c9-ad59-443e-9b5b-2e7ce0d443b8,67650ed1c5ea03428d2cf845
100,Wahkiakum County,2.9500751833011907,1.9,f03ee7fc-022d-4a3e-95c3-6df45a9655c5,67650f0fc5ea03428d2cf847
110,Orting Carbonado,7.838936491289369,1.5,268e863c-088a-4bb7-9f2e-df55ccd03b7d,676e76c4314f2daca3efbedb
111,Mukilteo_City,16.270144607329993,1.4,0c5d7273-e7e1-476a-814c-f2d4b1673398,676e7792314f2daca3efbedd
117,Mason County,18.60897356702657,1.8,941ffd13-95e4-4cef-b56d-e730dccfd37e,6769a797240fb977b2897ae2
118,Skamania County,22.128775181369935,1.9,5678ed34-d9e7-44dc-b6c1-2061de4f056f,67650eefc5ea03428d2cf846
119,Sedro Woolley Plus,34.84352259578065,1.4,9bc13cf6-4d68-4595-9107-9d01e8ff55de,67725517314f2daca3efbfe5
141,Elma City Plus,16.330882693088977,1.5,cecf642e-48b2-4c2c-a050-a8ea1ee16def,677e3a5ecc47ef650955a873
151,Cashmere City Plus,9.755863565702558,1.6,51670d89-43f6-4a0c-ba73-5f53bdb860d8,677e3bafcc47ef650955a887
169,Pe Ell,1.507787883809534,1.5,60e8176b-f114-438c-b9eb-dbd6c2225db9,6788e6631cd6a8849ca9e700
182,Electric City Grand Coulee Dam Elemer,12.8660429310399,1.4,39514153-2012-4277-b125-01f9479ff363,6788e8771cd6a8849ca9e71a
196,Oakesdale,2.6928659981602596,1.5,17ca40fe-fe84-4a49-9783-930818ed5d75,678a44ff191c2e804ea830c7
215,Waverly City,1.0512879361483156,1.5,a6584712-6c6c-4576-8a7b-c508c57c2325,678e410d191c2e804ea8329c
216,Spangle City,0.9248906537285384,1.4,4f1ce38e-fc96-4dd7-a7fb-717464a783b8,678e4110191c2e804ea8329e
231,North Bend City,11.546765817674219,1.5,b1fd79a7-9181-4d07-9329-3d9c82307b76,6797b810ecb81153f834236a
232,Snoqualmie City,19.123382977191262,1.7,30b9529c-39f1-4d26-bcd5-06649bcb67d7,6797b819ecb81153f834236c
233,Kittitas City,1.9213254226750642,1.7,78b80289-0a3c-4245-8a2e-df1fa06b1e9c,6797b81decb81153f834236e
234,Lake Forest Park City,9.2297483139602,1.7,4b6012cf-4580-4d09-a1e9-8ff1a7711643,6797b820ecb81153f8342370
235,Woodinville City,14.662540494323155,1.5,9b66d568-3699-4650-bb1d-67e0c87d5451,6797b824ecb81153f8342372
236,Naches City,2.2440582050684608,1.5,6e05b03b-86df-4257-92a4-96c0f29308f1,6797b828ecb81153f8342374
237,Leavenworth City,3.6062314189599984,1.8,ae840785-06ce-44d6-93c2-f66324e6275b,6797b82cecb81153f8342376
238,Mattawa City,2.6004021698083255,1.7,8fe95ded-0acd-4e24-893c-8c308a99ab94,6797b82fecb81153f8342378
239,Wilson Creek City,2.601636678588091,1.7,bb3ef8fe-5ee6-4a54-8109-ed47df4b06c2,6797b832ecb81153f834237a
243,Harrah City,0.7171910694372552,1.4,44e1d45a-d316-4697-beb9-4b2f22408bde,6797b83fecb81153f8342382
260,Island UI,47.014196794876504,1.7,b7a25d7b-115a-4cf0-86c9-926e6b73cc9c,67a34fbcecb81153f834255e
261,Kitsap UI,4.114895595719417,1.8,56d15dcb-8a3e-4431-b44b-2d53c0ddf67d,67a34ff4ecb81153f8342561
262,Skagit UI,55.81880928064713,1.8,91f2a4f3-b44e-4c6e-8d73-84cc9a3b685d,67a3504decb81153f8342564
264,Yakima UI,82.55503771672286,1.9,1374b359-7a56-475b-891b-f45201947e25,67a5dd61ecb81153f83425c9
265,Lewis UI,53.37975491054643,2.0,453f8c2e-2772-46d0-a0ad-fc9bf31c18e2,67a5dd9cecb81153f83425cc
266,Clark UI,26.21746109039967,1.7,dbf5b7de-1fdf-4f77-8bf7-f95c4fb350a4,67a5ddd9ecb81153f83425cf
267,Cowlitz UI,46.4299825701075,1.4,9c1fabf7-1d07-4f3a-80de-3308b357f13b,67a5ddfaecb81153f83425d2
269,Pacific UI,16.291108778446382,1.9,7a3d083d-fb05-4b45-bf11-af78f395b3d3,67a9a16a260e33324f159284
270,Okanogan UI,11.571551215783067,2.0,5f103637-961b-44e2-bb84-83e377de0b0a,67a9a9b6260e33324f159288
271,Walla Walla UI,9.640038348127028,2.0,1eb41946-1789-45dc-b4cb-f3e01906a26c,67a9b6c1260e33324f15928c
274,Thurston UI,43.676571525527336,1.8,aa5b68f3-c8a7-4f6d-93dc-0645458f91f6,67a9b91b260e33324f15928e
275,Clallam UI,44.91571079877635,1.8,4c5a82a2-0b8a-4405-bf4c-d6154d92d0c8,67a9ad60260e33324f15928a
276,Chelan UI,10.054065541813207,2.0,aef885b8-8e42-421e-a0e3-a3bfa34cb79a,67a9a98f260e33324f159286
277,Kitittas UI,18.86312100145126,2.0,7126d7b5-4f81-4359-9c8c-f176bf515e45,67a99a0b260e33324f159282
278,Grays Harbor UI,19.97670248115487,2.1,1e7ed732-f470-4ae9-bfca-2e9c1e3fc6ac,67a9939a260e33324f159280
279,Bremerton,80.7219851530746,1.6,029974f1-a2e1-4a8e-8fdd-2d082ed823f5,67ad8ac5621406baeaa023f3
280,Richland,117.73222346299482,1.7,d7b0511c-55c9-45ed-9450-ed073418f025,67ad9537621406baeaa02408
281,Anacortes,33.20934254737887,1.6,7cdcb1bd-4ba5-4ad8-8204-b57a4d9da8f1,67ad9725621406baeaa0240f
284,Missing tiles,14.611679099786508,1.4,2fc23c1c-6d39-4ecf-866d-fa07e315cad2,67d167cae784212bf527041f
285,Douglas UI,31.39104729438439,1.9,3a7994b3-3f6a-4936-a2d6-da7fbd9bcf39,67d16be1a7ada07038a1e063
286,Asotin City,3.0741864490630944,1.4,3fb7a920-c732-4ad6-823b-f69154d88f77,684678487fe063e3230ca8dd
287,Beaux Arts Village City,0.21056898566865392,1.4,3643c035-1a05-4420-b2b9-33d4d078bd5a,6846787f7fe063e3230ca8e0
288,Bingen City,2.2523289054647333,1.4,0534f6b8-bb19-4944-80db-55513e8c7dfb,684678b67fe063e3230ca8e3
289,Cathlamet City,1.3060725566687983,1.4,7744de12-8d19-424c-9d9f-a610cb1287f4,6846790e7fe063e3230ca8e6
290,Chewelah City,7.491478092925659,1.4,2a0376b6-a1f0-4fdb-bdd4-23f80caf9ca0,68467fcc7fe063e3230ca8ec
291,Clarkston City,5.280960542751741,1.4,b39a297b-228f-40a9-a219-fb8f7c07d11e,68467fef7fe063e3230ca8ee
292,Clyde Hill City,2.7570507981403316,1.4,61cbb6e7-ecff-4237-a1f8-25bf2e7c9e98,684680147fe063e3230ca8f0
293,Colville City,8.008026347375381,1.4,a27feb8c-58f6-41e8-8b51-b1b96cc323ef,684680427fe063e3230ca8f2
294,Cosmopolis City,4.124200852730554,1.6,03c18711-8a36-4ae7-a51c-2434fccd5a13,684680687fe063e3230ca8f4
295,Creston City,1.067009871787324,1.3,3e77274e-dfe3-48af-b434-a57eca93c305,684680857fe063e3230ca8f6
296,Cusick City,1.2777214086436008,1.4,e2001451-0def-4ea7-8b62-cdca2c3a636b,684685607fe063e3230ca8f8
297,Davenport City,4.21127896374253,1.4,d1ebebc9-f277-4e0d-a920-a83ca0e7ce43,6846857a7fe063e3230ca8fa
298,Dayton City,3.657305418648986,1.4,097e4922-4b3c-4d12-a114-689669f51790,684685927fe063e3230ca8fc
299,Fircrest City,4.025651849023058,1.4,39eccfee-0295-48bf-8776-19f92dab650a,684685c07fe063e3230ca8fe
300,Friday Harbor City,5.774513858687888,1.4,c54e0768-9260-4fb1-96b4-ab8c38d6f48a,684685e27fe063e3230ca900
301,Harrington City,1.0185849999397893,1.4,8a8ee4a6-cde1-4a27-b5f3-984fbf8d7133,684687047fe063e3230ca902
302,Hatton City,0.9662658412274572,1.2,c6ade64c-9934-4e8f-8f1d-0c627d69c4eb,684687237fe063e3230ca904
303,Ione City,1.5104707095981855,1.4,afcd2fb3-34aa-43f4-b380-d58f06624663,684687407fe063e3230ca906
304,Kettle Falls City,2.817994833160876,1.4,e03ad93e-4bac-484c-b69f-f7fdd54318a0,6846875b7fe063e3230ca908
305,Krupp City,1.523452688790636,1.4,814fcc88-bb88-4172-80e9-1fe8c1430899,684687797fe063e3230ca90a
306,Lind City,2.764366885131631,1.4,059dbb1e-c9ee-4ec3-b97c-3db22207e8a8,684687907fe063e3230ca90c
307,Metaline City,0.7821604590555946,1.3,7f873ebb-6d01-4a28-a5a6-96c2679312b3,684687eb7fe063e3230ca90e
308,Metaline Falls City,0.5513533992060431,1.4,2a6e8186-6b28-42e3-8e85-e5e2d2665ad8,684688457fe063e3230ca910
309,Newport City,3.9917370349008325,1.4,4e46499d-1f6b-4948-96b4-2cc2efc725e5,684688647fe063e3230ca912
310,North Bonneville City,7.080681156859347,1.4,bb2b5f90-0655-4e78-9def-34d45d9ddf3c,6846887c7fe063e3230ca914
311,Northport City,1.5010846450419617,1.4,66791a80-f3fa-4071-9ba6-832543b0eb75,684688907fe063e3230ca916
312,Odessa City,2.0856717044066526,1.4,33f6496e-01d6-4b2e-806f-2abda699dff0,684688a97fe063e3230ca918
313,Othello City,12.598288720848936,1.4,2ff064b4-22ab-4b6f-9199-e4f32754eed6,684688c47fe063e3230ca91a
314,Pomeroy City,4.531517178653107,1.4,b4377ef3-fbd5-4b2c-905d-fa676382f75f,684688dc7fe063e3230ca91c
315,Port Townsend City,18.181488307507472,1.4,758b083b-beca-4faf-932e-1d31bc044ce1,684688f27fe063e3230ca91e
316,Reardan City,1.2643739892944856,1.4,ac3ffb30-eda8-466f-9d7a-c0a4fc33335b,684689097fe063e3230ca920
317,Republic City,3.7672483386975206,1.4,5bb5f712-731b-4b7d-b974-6c5448f66f67,6846891e7fe063e3230ca922
318,Ritzville City,5.468919801733544,1.4,f79b89a2-67a0-4a76-8573-948ebbd588a3,684689327fe063e3230ca924
319,Shelton City,17.729150953554214,1.4,939a355f-45cf-45e9-b46d-457ea19d2249,6846894e7fe063e3230ca926
320,South Bend City,5.319507774703424,1.4,a076dba2-2c82-4175-a337-ced6f1c0cc9d,684689647fe063e3230ca928
321,Sprague City,2.7130715438555177,1.4,8f91cb38-6342-4647-88d7-58eb98985de4,6846897b7fe063e3230ca92a
322,Springdale City,2.9013746829079636,1.4,7b8f59f5-cd12-4e7d-8a3f-ae2cbd73dd21,684689967fe063e3230ca92c
323,Starbuck City,0.5645890526919852,1.4,b4f8a63a-838f-4b7f-a2a3-f860798ebbf1,684689b27fe063e3230ca92e
324,Stevenson City,4.404196335461959,1.4,f152188a-67b4-4dad-ac54-1200b8218617,684689d07fe063e3230ca930
325,Washtucna City,1.7729314912592657,1.3,2d02a427-28cb-4b69-baeb-fdccd854a2ba,684689e57fe063e3230ca932
326,White Salmon City,4.072347828437594,1.4,4b50e43d-f2dd-4dd7-8bad-193b2e0acc14,684689fa7fe063e3230ca934
327,Wilbur City,3.2281220369888235,1.4,d28570ea-32e9-48b9-9bf3-97d493554d9c,68468a2d7fe063e3230ca936
328,Yelm City,14.996077014664603,1.4,a7cb2823-76d4-44ec-9de5-9b9b081e1787,68468a3f7fe063e3230ca938
368,GS Aberdeen City,32.57770906326626,1.4,be9578a5-d737-4a21-831f-946cb3614e9f,68f702041ebeef3e235584ce
369,GS Algona City,3.4554867272482697,1.3,255c9920-3f42-41f6-83b7-d555eca4634c,68f705761ebeef3e235584dc
370,GS Pacific City,6.3750274861883005,1.3,8532081e-721c-4aa4-aa1c-3ab4432a9a41,68f709b11ebeef3e235584e8
371,GS Raymond City,11.918255408298432,1.3,2f78f9b0-31e8-489b-9a50-8419e9885539,68f7143f1ebeef3e235584f3
