benton,67a9c37c260e33324f159292,c223fc63-f1cc-416c-bfcb-23ed23314c32
chelan,67a9a98f260e33324f159286,60060509-356f-455b-b7a0-925659b8b7f6
clallam,67a9ad60260e33324f15928a,042626be-8184-469c-9b51-2a9bc8cea1a7
clark,67a5ddd9ecb81153f83425cf,fe81b4fd-c50d-4700-8201-9488c42b446e
columbia,67650e4dc5ea03428d2cf841,3feac110-fe03-4173-ae5c-4b07fbe6f69f
cowlitz,67a5ddfaecb81153f83425d2,1b46a4e6-3b3b-4d1c-8056-72e1761ca0bf
douglas,67d16be1a7ada07038a1e063,14f89659-2e79-419d-8719-61aee576fe88
ferry,6762c23bc5ea03428d2cf7d9,fcd6ac6d-041a-4e69-a65f-105644578c85
franklin,67a9bfed260e33324f159290,444c8c52-d616-4176-9633-fdceca7427e6
garfield,67650e6dc5ea03428d2cf842,39d6b8dd-02a5-4c59-93b2-8891175e6931
grant,67a99126260e33324f15927e,259fd395-24d4-44de-a188-00109ac386e8
graysharbor,67a9939a260e33324f159280,cd3675b2-2ed5-4aab-a531-de6ef701da3c
island,67a34fbcecb81153f834255e,18caddcc-956d-493d-a89c-7aec3416e8dc
jefferson,6763efe3c5ea03428d2cf7e7,c81640a0-bf76-4aeb-a7cd-0184dd2323fa
kitsap,67a34ff4ecb81153f8342561,b25717fa-2c9e-402c-aa3f-d73031e993c6
kittitas,67a99a0b260e33324f159282,cefa1f26-b992-4e9b-aa50-fd335016e245
klickitat,67650e8fc5ea03428d2cf843,04e07c73-b0e3-4c13-9818-03fc82418686
lewis,67a5dd9cecb81153f83425cc,36019e01-53c7-4f60-8438-c2e9de2227c9
mason,6769a797240fb977b2897ae2,6a530080-0ffb-4434-acd3-569fec99c74a
okanogan,67a9a9b6260e33324f159288,ebf74685-81c6-4d95-916e-f2cd167178b7
pacific,67a9a16a260e33324f159284,227b8126-f5eb-45ed-b59b-96a3cd31ac28
pendorielle,67650eb0c5ea03428d2cf844,c7295dfd-b28f-43e4-bf9f-2a4a61b08eeb
pierce,677268be314f2daca3efc016,aca9f3d7-941c-474b-a5f4-643a2bd28de3
sanjuan,67650ed1c5ea03428d2cf845,644ba600-2f61-4c37-be99-429afbfb2159
skamania,67650eefc5ea03428d2cf846,79f0b65d-96e3-4825-b7ba-312ae9ef8cd0
snohomish,674e97b38caf21f9d6c9f5e5,f6f362a4-4d29-4ff2-afd5-0117b00d9813
spokane,67a3508becb81153f8342567,1e733739-2b3d-4487-a577-4adae3aae537
thurston,67a9b91b260e33324f15928e,1d124b9b-0b68-43d3-9eca-ef5637ed4375